ショップ名,商品名,価格,ページ
pui,VINTAGE ROSE DRESS,18600.0,1
pui,FLORAL RIBBON DRESS,17800.0,1
pui,ROSE SWIM SUIT,18890.0,1
pui,VINTAGE PETAL BLOUSE,14500.0,1
pui,FLARE DENIM,12000.0,1
pui,LACE SATIN PANTS,14300.0,1
pui,CRINKLE ROSE DRESS,17200.0,1
pui,TEA ROSE RIBBON DRESS,17000.0,1
pui,AURA DRESS,27800.0,1
pui,ROSELY VEIL DRESS,18000.0,1
pui,CHECK RIBBON BOXER PANTS,12500.0,1
pui,THE SUNDAY ROMANTIC TEE,5900.0,1
pui,RIBBON KNIT,9200.0,1
pui,PUI ROSE TOTE BAG BIG,5200.0,1
pui,PUI ROSE TOTE BAG,4500.0,1
pui,flower peplum one piece,16800.0,1
pui,gingham peplum one piece,16800.0,1
pui,rose peplum one-piece,16800.0,1
pui,Heart peplum one piece,16800.0,1
pui,lace camisole,5980.0,1
pui,PUI HOME ROMPERS,7980.0,1
pui,THE ROSE BALM,4400.0,1
pui,VINTAGE FLOWER POUCH SET,5500.0,1
pui,STRIPE TOTE BAG,5500.0,1
pui,TRENCH COAT,26500.0,2
pui,LOGO CROPPED HOODIE　UNISEX,14800.0,2
pui,PUI BORDER  VINTAGE RED,7500.0,2
pui,PUI BORDER NEVY,7500.0,2
pui,TRAVEL POUCH,5800.0,2
pui,heart peplum swimsuit,18860.0,2
pui,FLOWRE SETUP,7980.0,2
pui,black heart swim suit,18860.0,2
pui,Handsome Lady swim suit,18860.0,2
pui,vintage flower swim suit,18860.0,2
pui,black swimsuit,18860.0,2
pui,VINTAGE BLANC BLOUSE,9600.0,2
pui,red dot one-piece,15800.0,2
pui,dot one-piece,17000.0,2
pui,LACE CHECK  DRESS,18600.0,2
pui,FLOWER VELOUR DRESS,18000.0,2
pui,CASHMERE KNIT,12000.0,2
pui,KNIT ONEPIECE,15800.0,2
pui,SUEDE  LONG JACKET,16800.0,2
pui,FLOWER PANTS,7800.0,2
pui,ボーダートップス,7500.0,2
pui,RUFFLE BLOUSE,9600.0,2
pui,woman long dress,17980.0,2
pui,flower shirt one-piece,15800.0,2
pui,AMORE DRESS,15000.0,3
pui,HOTEL  BENOITE  BIG TOTE,4250.0,3
pui,HOTEL  BENOITE  TOTE,3200.0,3
pui,FLOWER ENSEMBLE,8980.0,3
pui,PUI KIDS HEART ONE PIECE,4800.0,3
pui,FLOWER TOPS,7500.0,3
pui,ROSE TEE,5600.0,3
pui,Pui picnic sheet,5500.0,3
pui,AROMATIC SOAP (LAVENDER),4300.0,3
pui,ROSE DE DAMAS アロマティックナチュレソープ,4500.0,3
pui,ROSE DE DAMAS オーガニックシュガースクラブ,6200.0,3
pui,LOGO CHARM,1980.0,3
pui,ROSE TOTE BAG SET,9500.0,3
pui,Emma Cocarne ヘアオイル,3500.0,3
pui,HOTEL BENOITE SWEAT,7890.0,3
pui,NOVELTY （THE SUNDAY ROMANTIC）,30000.0,3
isxnot,HOME,,1
isxnot,ABOUT,,1
isxnot,Q&A,,1
isxnot,BLOG,,1
isxnot,CONTACT,,1
isxnot,CHECK shirt,14300.0,1
isxnot,Cling to God bracelet 【クリスタル】,9900.0,1
isxnot,Cling to God bracelet 【オニキス】,9900.0,1
isxnot,STAR sleeve parker,9900.0,1
isxnot,Rib Knit,16500.0,1
isxnot,【collab】Bandana Print Bucket Hat【vagrants】,9900.0,1
isxnot,ZIP trench coat,37400.0,1
isxnot,variation skirt,14300.0,1
isxnot,never parker,11000.0,1
isxnot,【サンプル発売】KIMONO jacket,19800.0,1
isxnot,【サンプル発売】Asymmetry pants,9900.0,1
isxnot,【サンプル販売】ZIP skirt,9900.0,1
isxnot,【サンプル発売】flap shirt,7480.0,1
isxnot,ポストカード,1485.0,1
isxnot,moon signet ring,27000.0,1
isxnot,moon signet ring 誕生石カスタム,2200.0,1
isxnot,moon signet ring サイズ調整,1100.0,1
isxnot,shelter outer,33000.0,1
isxnot,Cookie snood,5750.0,1
isxnot,GHOST long tee,6600.0,1
isxnot,Flower tee,6600.0,1
isxnot,HOME,,2
isxnot,ABOUT,,2
isxnot,Q&A,,2
isxnot,BLOG,,2
isxnot,CONTACT,,2
isxnot,CHECK shirt,14300.0,2
isxnot,Cling to God bracelet 【クリスタル】,9900.0,2
isxnot,Cling to God bracelet 【オニキス】,9900.0,2
isxnot,STAR sleeve parker,9900.0,2
isxnot,Rib Knit,16500.0,2
isxnot,【collab】Bandana Print Bucket Hat【vagrants】,9900.0,2
isxnot,ZIP trench coat,37400.0,2
isxnot,variation skirt,14300.0,2
isxnot,never parker,11000.0,2
isxnot,【サンプル発売】KIMONO jacket,19800.0,2
isxnot,【サンプル発売】Asymmetry pants,9900.0,2
isxnot,【サンプル販売】ZIP skirt,9900.0,2
isxnot,【サンプル発売】flap shirt,7480.0,2
isxnot,ポストカード,1485.0,2
isxnot,moon signet ring,27000.0,2
isxnot,moon signet ring 誕生石カスタム,2200.0,2
isxnot,moon signet ring サイズ調整,1100.0,2
isxnot,shelter outer,33000.0,2
isxnot,Cookie snood,5750.0,2
isxnot,GHOST long tee,6600.0,2
isxnot,Flower tee,6600.0,2
isxnot,HOME,,3
isxnot,ABOUT,,3
isxnot,Q&A,,3
isxnot,BLOG,,3
isxnot,CONTACT,,3
isxnot,CHECK shirt,14300.0,3
isxnot,Cling to God bracelet 【クリスタル】,9900.0,3
isxnot,Cling to God bracelet 【オニキス】,9900.0,3
isxnot,STAR sleeve parker,9900.0,3
isxnot,Rib Knit,16500.0,3
isxnot,【collab】Bandana Print Bucket Hat【vagrants】,9900.0,3
isxnot,ZIP trench coat,37400.0,3
isxnot,variation skirt,14300.0,3
isxnot,never parker,11000.0,3
isxnot,【サンプル発売】KIMONO jacket,19800.0,3
isxnot,【サンプル発売】Asymmetry pants,9900.0,3
isxnot,【サンプル販売】ZIP skirt,9900.0,3
isxnot,【サンプル発売】flap shirt,7480.0,3
isxnot,ポストカード,1485.0,3
isxnot,moon signet ring,27000.0,3
isxnot,moon signet ring 誕生石カスタム,2200.0,3
isxnot,moon signet ring サイズ調整,1100.0,3
isxnot,shelter outer,33000.0,3
isxnot,Cookie snood,5750.0,3
isxnot,GHOST long tee,6600.0,3
isxnot,Flower tee,6600.0,3
amore,"ランランT XS,S,M,L,XL,JS,JM / Amore 26spring",1980.0,1
amore,"レーシングキャットトレーナー XS,S,M,L,XL,JS,JM / Amore 26spring",2700.0,1
amore,"アトムポロシャツ XS,S,M,L,XL,JS,JM / Amore 26spring",3240.0,1
amore,"アパートトレーナー XS,S,M,L,XL,JS,JM / Amore 26spring",2880.0,1
amore,"エースT XS,S,M,L,XL,JS,JM / Amore 26spring",2340.0,1
amore,"ジャンプトレーナー XS,S,M,L,XL,JS,JM / Amore 26spring",3600.0,1
amore,"ジャンプパンツ XS,S,M,L,XL,JS,JM / Amore 26spring",2520.0,1
amore,"キャッスルパンツ XS,S,M,L,XL,JS,JM / Amore 26spring",2880.0,1
amore,"テンダーオープントレーナー XS,S,M,L,XL,JS,JM / Amore 26spring",3600.0,1
amore,"ハイキングパンツ XS,S,M,L,XL,JS,JM / Amore 26spring",2520.0,1
amore,"アニマルハーフパンツ XS,S,M,L,XL,JS,JM,JL / NRK 26summer",2220.0,2
amore,"シアーサッカーハーフパンツ XS,S,M,L,XL,JS,JM,JL / NRK 26summer",2775.0,2
amore,"ストリングカーゴパンツ XS,S,M,L,XL,JS,JM,JL / NRK 26summer",3700.0,2
amore,"ストライプデニムパンツ XS,S,M,L,XL,JS,JM,JL / NRK 26summer",3330.0,2
amore,"スマイル切り替えT XS,S,M,L,XL,JS,JM,JL / NRK 26summer",1850.0,2
amore,"シャーリングハーフパンツ XS,S,M,L,XL,JS,JM,JL / NRK 26summer",2220.0,2
amore,"サンセットSET XS,S,M,L,XL,JS,JM,JL / NRK 26summer",3700.0,2
amore,サンドビーニー / NRK 26summer,1665.0,2
amore,"ビーチピグメントT XS,S,M,L,XL,JS,JM,JL / NRK 26summer",1850.0,2
amore,"ベーシックスリットT XS,S,M,L,XL,JS,JM,JL / NRK 26summer",2220.0,2
amore,"バイオデニムパンツ XS,S,M,L,XL,JS,JM,JL / NRK 26summer",4070.0,2
amore,"ミルキー絞りT XS,S,M,L,XL,JS,JM,JL / NRK 26summer",2220.0,2
amore,"マジックボーダーパンツ XS,S,M,L,XL,JS,JM,JL / NRK 26summer",2775.0,2
amore,"リネンプリーツパンツ XS,S,M,L,XL,JS,JM,JL / NRK 26summer",2960.0,2
amore,サングルタイガー半袖T FREE(ママパパ用)  / MIkki 26summer,3515.0,2
amore,"サングルタイガー半袖Ｔ S,M,L,XL,JS,JM,JL / MIkki 26summer",2135.0,2
amore,サーフィン92半袖T FREE(ママパパ用)  / MIkki 26summer,2960.0,2
amore,"サーフィン92半袖Ｔ S,M,L,XL,JS,JM,JL / MIkki 26summer",1765.0,2
amore,RUN半袖T FREE(ママパパ用)  / MIkki 26summer,2960.0,2
amore,"RUN半袖Ｔ S,M,L,XL,JS,JM,JL / MIkki 26summer",1765.0,2
amore,スピーディジェリー半袖T FREE(ママパパ用)  / MIkki 26summer,3515.0,2
amore,"スピーディジェリー半袖Ｔ S,M,L,XL,JS,JM,JL / MIkki 26summer",2135.0,2
amore,24半袖T FREE(ママパパ用)  / MIkki 26summer,2960.0,2
amore,"24半袖Ｔ S,M,L,XL,JS,JM,JL / MIkki 26summer",1765.0,2
amore,"アニマルハーフパンツ XS,S,M,L,XL,JS,JM,JL / NRK 26summer",2220.0,3
amore,"シアーサッカーハーフパンツ XS,S,M,L,XL,JS,JM,JL / NRK 26summer",2775.0,3
amore,"ストリングカーゴパンツ XS,S,M,L,XL,JS,JM,JL / NRK 26summer",3700.0,3
amore,"ストライプデニムパンツ XS,S,M,L,XL,JS,JM,JL / NRK 26summer",3330.0,3
amore,"スマイル切り替えT XS,S,M,L,XL,JS,JM,JL / NRK 26summer",1850.0,3
amore,"シャーリングハーフパンツ XS,S,M,L,XL,JS,JM,JL / NRK 26summer",2220.0,3
amore,"サンセットSET XS,S,M,L,XL,JS,JM,JL / NRK 26summer",3700.0,3
amore,サンドビーニー / NRK 26summer,1665.0,3
amore,"ビーチピグメントT XS,S,M,L,XL,JS,JM,JL / NRK 26summer",1850.0,3
amore,"ベーシックスリットT XS,S,M,L,XL,JS,JM,JL / NRK 26summer",2220.0,3
amore,"バイオデニムパンツ XS,S,M,L,XL,JS,JM,JL / NRK 26summer",4070.0,3
amore,"ミルキー絞りT XS,S,M,L,XL,JS,JM,JL / NRK 26summer",2220.0,3
amore,"マジックボーダーパンツ XS,S,M,L,XL,JS,JM,JL / NRK 26summer",2775.0,3
amore,"リネンプリーツパンツ XS,S,M,L,XL,JS,JM,JL / NRK 26summer",2960.0,3
amore,サングルタイガー半袖T FREE(ママパパ用)  / MIkki 26summer,3515.0,3
amore,"サングルタイガー半袖Ｔ S,M,L,XL,JS,JM,JL / MIkki 26summer",2135.0,3
amore,サーフィン92半袖T FREE(ママパパ用)  / MIkki 26summer,2960.0,3
amore,"サーフィン92半袖Ｔ S,M,L,XL,JS,JM,JL / MIkki 26summer",1765.0,3
amore,RUN半袖T FREE(ママパパ用)  / MIkki 26summer,2960.0,3
amore,"RUN半袖Ｔ S,M,L,XL,JS,JM,JL / MIkki 26summer",1765.0,3
amore,スピーディジェリー半袖T FREE(ママパパ用)  / MIkki 26summer,3515.0,3
amore,"スピーディジェリー半袖Ｔ S,M,L,XL,JS,JM,JL / MIkki 26summer",2135.0,3
amore,24半袖T FREE(ママパパ用)  / MIkki 26summer,2960.0,3
amore,"24半袖Ｔ S,M,L,XL,JS,JM,JL / MIkki 26summer",1765.0,3
